{"cameraMode":{"drawMode":0,"name":"Shaded","section":"Shading Mode"},"sceneLighting":true,"audioPlay":false,"sceneViewState":{"m_AlwaysRefresh":true,"showFog":true,"showSkybox":true,"showFlares":true,"showImageEffects":true,"showParticleSystems":true,"showVisualEffectGraphs":true,"m_FxEnabled":true},"in2DMode":false,"pivot":{"x":26.961015701293947,"y":-26.235382080078126,"z":-26.471004486083986},"rotation":{"x":0.6845492124557495,"y":0.002052886411547661,"z":-0.001408185577020049,"w":0.7290886044502258},"size":43.37482833862305,"orthographic":false}