{"cameraMode":{"drawMode":0,"name":"Shaded","section":"Shading Mode"},"sceneLighting":true,"audioPlay":false,"sceneViewState":{"m_AlwaysRefresh":true,"showFog":true,"showSkybox":true,"showFlares":true,"showImageEffects":true,"showParticleSystems":true,"showVisualEffectGraphs":true,"m_FxEnabled":true},"in2DMode":false,"pivot":{"x":5.959094047546387,"y":2.610968589782715,"z":0.24509620666503907},"rotation":{"x":0.6845492124557495,"y":0.002052886411547661,"z":-0.001408185577020049,"w":0.7290886044502258},"size":7.504035949707031,"orthographic":false}